{"train_loss": [0.055253733137641294, 0.02851007869373066, 0.021815895281656825, 0.018959070988601508, 0.015848988196765532, 0.02665889583001233, 0.013288261547609412, 0.008938637609132613, 0.006316651053952448, 0.004571455043994568, 0.005207592094636926, 0.003178930366317732, 0.0032719824959364053, 0.0033336322039666804, 0.003059773343718714, 0.0029248843025980573, 0.003335279920561747, 0.002474314363842661, 0.0024759627060230932, 0.0037020546562894427, 0.0027022893361822523, 0.002951293036040634, 0.003903552327737814, 0.0032107195101979407, 0.0022883801109562017, 0.0018819103210299002, 0.001290580728138336, 0.001409246376950783], "val_loss": [0.05643349599379759, 0.05410323922450726, 0.060825855686114386, 0.07183099480775687, 0.06202036352493824, 0.07109479491527264, 0.0687144680474049, 0.06511119170448719, 0.05388101591513707, 0.05241298379424291, 0.05698156070250731, 0.05492674979643944, 0.051174976027164705, 0.0482506305934527, 0.0499651988920493, 0.052747264122351624, 0.054245542734861374, 0.047953093758760355, 0.05436251618159123, 0.05661350507766773, 0.05474482782376118, 0.0609982451185202, 0.05440726226721054, 0.05501421598287729, 0.05475584723246403, 0.05422691294015982, 0.05665976477739138, 0.055886808305214614], "train_mae": [0.17691914782379614, 0.13165124656275065, 0.11160745705016936, 0.10369547208150227, 0.09710863202509254, 0.12365438239743011, 0.09071031318168447, 0.07261563205357754, 0.06127738787068261, 0.05283532314228289, 0.05552931344418815, 0.04416440073588882, 0.04483416800697645, 0.046278330262261205, 0.042279848734838796, 0.04340821715316387, 0.04482149806889621, 0.03923197920349511, 0.0389426008167893, 0.046663287161576625, 0.04046869037127254, 0.039800902358209246, 0.047124066437133634, 0.045667991042137146, 0.036291145917141075, 0.03395769451603745, 0.028873747967258848, 0.029188163578510284], "val_mae": [0.16764669846265745, 0.16382887959480286, 0.17304134368896484, 0.1910037780419374, 0.1692875849130826, 0.1895722330380709, 0.18106136642969572, 0.17182236795242017, 0.161316923224009, 0.15878097865826044, 0.1667760832187457, 0.16311171039556846, 0.15716635913420945, 0.15663687464518425, 0.1578042086882469, 0.16310252554905721, 0.16522321983789787, 0.15848745520298296, 0.16646857941761994, 0.1679074011552028, 0.167365190692437, 0.17492003127550468, 0.16694196791220933, 0.17053101765803802, 0.16718997519749862, 0.16703531222465712, 0.17025216496907747, 0.16873422265052795]}